Feature,English,French
global avg avg QOQ,-0.0471938221458325,0.1225974699955009
global avg std H1H2,-0.20496061661497,-0.2816254959034216
global std std NAQ,0.288643138285471,0.1183045385873544
