Feature,Max 1 glass per week,More than 1 glass per week
F0avg,0.2116814445850099,0.1571358255616472
