Feature,Not native,Native
avg DF0,0.0530188157068217,-0.1996649184722129
avg Jitter,-0.0432780260288095,0.1699439423927028
