Feature,Not native,Native
close_std,-0.1046357034375999,-0.3263887445750135
continuant_mean,-0.3869161368793011,-0.0940743874202696
trill_mean,0.0065343914556304,0.2234937345932823
