Feature,I smoke daily,I smoke less than daily,A past smoker,Not a smoker
dental_std,-0.6191768204627007,-0.2953503687938696,-0.258671282408757,-0.2957638628357012
