Feature,Not native,Native
global std std H1H2,0.4861174112015659,0.7637247948106558
