Feature,High School or lower,Bachelor's Degree,Master's Degree,PhD or higher
avg Jitter,-0.5803253310116738,-0.4856851490290945,-0.3851382994464567,-0.1734758106596407
