Feature,High School or lower,Bachelor's Degree,Master's Degree,PhD or higher
global avg avg QOQ,-0.8761708299425068,-0.844987338219178,-0.6241916933875492,-0.543625661238861
