Feature,I smoke daily,I smoke less than daily,A past smoker,Not a smoker
F0avg,-1.0125465013840822,-0.9855255961153864,-0.9292842625723648,-0.9219363596171988
F0tiltavg,0.3487482429686912,0.1581859343693245,0.1163164831450305,0.1490812621191115
F0mseavg,-0.7051247135016573,-0.6754983410659864,-0.5755543306364065,-0.6175368219915454
F0tiltstd,-0.6690447958363096,-0.5304938475590901,-0.4610150083802449,-0.4439322077087783
avgtiltEvoiced,0.7053605704849184,0.585479611388285,0.5508570167267243,0.5144773440166718
stddurvoiced,-0.1435276096953682,-0.2565303478826181,0.0434679292777817,-0.1259515713552943
avgdurunvoiced,0.4464646464646539,0.2280964530964568,0.2784602784602785,0.1560173160173177
