Feature,English,French
avg DF0,0.4607704043582002,0.2605021372232498
avg Jitter,-0.5733082722365703,-0.2476348295492408
avg logE,-0.2909043279460053,-0.0749314259222214
