Feature,English,French
avg logE,-0.2278987878312168,-0.0717688938405254
std logE,0.1319850984220931,-0.0510363538362122
