Feature,High School or lower,Bachelor's Degree,Master's Degree,PhD or higher
std logE,0.1433610541896173,0.1124587918946885,-0.0547431991604408,-0.0002645176664822
