Feature,Not native,Native
spectralFlux_sma3_stddevNorm,0.3518702179181755,0.0723799560343012
spectralFluxUV_sma3nz_amean,-0.1323428700434095,0.1401703503937299
