Feature,I smoke daily,I smoke less than daily,A past smoker,Not a smoker
F3frequency_sma3nz_stddevNorm,1.0635029843287376,1.0154583418318883,0.8701799702690381,0.8191362661905739
